[{"wp_inactive_widgets":["search-3"],"blog-sidebar":["search-5","categories-4","recent-comments-4"],"footer2-column-1":["text-1"],"footer2-column-2":["text-2"],"footer3-column-1":["nav_menu-1"],"footer3-column-2":["text-3"],"shop-sidebar":["woocommerce_product_categories-1","woocommerce_price_filter-1","woocommerce_product_tag_cloud-1"],"room-sidebar":["hb_widget_cart-1","hb_widget_search-2"]},{"search":{"5":{"title":"Search"},"3":{"title":"seach"},"_multiwidget":1},"categories":{"4":{"title":"Categories","count":1,"hierarchical":1,"dropdown":0},"_multiwidget":1},"recent-comments":{"4":{"title":"Recent Comments","number":5},"_multiwidget":1},"text":{"1":{"title":"LOCATION","text":"<p>14 Tottenham Court Road, London, England<\/p>\r\n<p><a href=\"callto:(102)3456789\">(102) 3456 789<\/a><\/p>\r\n<p><a href=\"mailto:info@yourdomain.com\">info@yourdomain.com<\/a><\/p>","filter":false},"2":{"title":"ANOTHER CONTACTS","text":"<p><a href=\"mailto:accsupport@gmail.com\"><i class=\"fa fa-envelope-o\" aria-hidden=\"true\"><\/i>accsupport@gmail.com<\/a><\/p>\r\n<p><a href=\"#\"><i class=\"fa fa-picture-o\" aria-hidden=\"true\"><\/i>View Our Gallery<\/a><\/p>","filter":false},"3":{"title":false,"text":"<div class=\"social-list\">\r\n<a href=\"#\"><i class=\"fa fa-facebook\"><\/i><\/a>\r\n<a href=\"#\"><i class=\"fa fa-twitter\"><\/i><\/a>\r\n<a href=\"#\"><i class=\"fa fa-pinterest\"><\/i><\/a>\r\n<a href=\"#\"><i class=\"fa fa-instagram\"><\/i><\/a>\r\n<\/div>","filter":false},"_multiwidget":1},"nav_menu":{"1":{"nav_menu":36},"_multiwidget":1},"woocommerce_product_categories":{"1":{"title":"Categories","orderby":"name","dropdown":0,"count":0,"hierarchical":1,"show_children_only":0,"hide_empty":0},"_multiwidget":1},"woocommerce_price_filter":{"1":{"title":"Filter price"},"_multiwidget":1},"woocommerce_product_tag_cloud":{"1":{"title":"Product Tags"},"_multiwidget":1},"hb_widget_cart":{"1":{"title":"Your Booking"},"_multiwidget":1},"hb_widget_search":{"2":{"title":"Reservation","show_title":"false","show_label":"false"},"_multiwidget":1}}]